query,tool
I want to know the latest news about Tesla and how it has impacted the stock market.,"['FinanceTool', 'NewsTool']"
Please provide me with the current stock price of Apple and any recent news related to the company.,"['FinanceTool', 'NewsTool']"
Can you give me an overview of the top trending stocks and any recent news that might be affecting their performance?,"['FinanceTool', 'NewsTool']"
I need to analyze the financial performance of Amazon and understand any recent news or events that might have influenced its stock price.,"['FinanceTool', 'NewsTool']"
How can I invest my savings wisely and also learn about financial planning?,"['FinanceTool', 'CourseTool']"
Can you recommend any courses that teach both accounting principles and investment strategies?,"['FinanceTool', 'CourseTool']"
I want to learn about the stock market and also find the top-performing stocks in the market. Any suggestions?,"['FinanceTool', 'CourseTool']"
What are the best online resources to learn about personal finance and find courses on budgeting and saving money?,"['FinanceTool', 'CourseTool']"
"Can you help me find the latest financial report for a company I'm interested in, and also provide me with the stock market trends for the past month?","['FinanceTool', 'PDF&URLTool']"
"I need information about the average annual returns of various investment options, and also show me any PDFs or online resources that explain the concept of compound interest in a simple way.","['FinanceTool', 'PDF&URLTool']"
"What are the current interest rates for mortgages, and can you provide me with a comprehensive guide on how to analyze a company's financial statements?","['FinanceTool', 'PDF&URLTool']"
Show me the exchange rates between different currencies and also recommend some finance-related books or articles that discuss the impact of inflation on the stock market.,"['FinanceTool', 'PDF&URLTool']"
"""Can you provide me with the current exchange rate between USD and EUR? Also, can you tell me which airlines offer flights from New York to London?""","['FinanceTool', 'TripTool']"
"""What is the price of Apple stock right now? And could you give me some recommendations for accommodations in Paris?""","['FinanceTool', 'TripTool']"
"""Is it a good time to invest in cryptocurrency? Also, can you find me a list of tourist attractions in Tokyo?""","['FinanceTool', 'TripTool']"
"""How much does a gallon of gasoline cost in California? Additionally, can you suggest some budget-friendly hotels in San Francisco?""","['FinanceTool', 'TripTool']"
"What are some popular investment options with good returns, and can you recommend a playlist to relax while I research them?","['FinanceTool', 'MusicTool']"
"How can I calculate the compound interest on my savings account, and what are the top songs in the music industry right now?","['FinanceTool', 'MusicTool']"
"Can you give me an overview of the stock market trends, and suggest some upbeat music to listen to while analyzing the market?","['FinanceTool', 'MusicTool']"
"I'm planning to invest in mutual funds, can you explain how they work and recommend some background music for brainstorming my investment strategy?","['FinanceTool', 'MusicTool']"
